Date,Commit count,Number of contributor,Month,Year
2022-02-03,6,1,02-2022,2022
2022-02-06,21,160,02-2022,2022
2022-02-13,53,158,02-2022,2022
2022-04-05,139,195,04-2022,2022
2022-05-18,158,157,05-2022,2022
2022-05-19,159,156,05-2022,2022
2022-05-23,175,201,05-2022,2022
2022-06-06,192,203,06-2022,2022
2022-06-22,218,155,06-2022,2022
2022-06-27,233,154,06-2022,2022
2022-07-04,257,153,07-2022,2022
2022-07-13,279,209,07-2022,2022
2022-07-30,327,151,07-2022,2022
2022-08-03,334,165,08-2022,2022
2022-08-11,363,163,08-2022,2022
2022-08-16,380,166,08-2022,2022
2022-08-18,387,185,08-2022,2022
2022-08-20,394,179,08-2022,2022
2022-08-22,409,178,08-2022,2022
2022-08-29,433,177,08-2022,2022
2022-09-01,439,172,09-2022,2022
2022-09-04,443,145,09-2022,2022
2022-09-06,458,148,09-2022,2022
2022-09-10,487,118,09-2022,2022
2022-09-13,497,116,09-2022,2022
2022-09-14,506,199,09-2022,2022
2022-09-15,508,113,09-2022,2022
2022-09-17,514,111,09-2022,2022
2022-09-28,542,105,09-2022,2022
2022-10-04,556,104,10-2022,2022
2022-10-05,560,122,10-2022,2022
2022-10-09,601,138,10-2022,2022
2022-10-10,603,136,10-2022,2022
2022-10-17,636,134,10-2022,2022
2022-10-28,673,131,10-2022,2022
2022-10-30,683,126,10-2022,2022
2022-11-07,712,176,11-2022,2022
2022-11-09,722,225,11-2022,2022
2022-11-13,731,124,11-2022,2022
2022-11-16,739,125,11-2022,2022
2022-11-17,742,127,11-2022,2022
2022-11-26,767,128,11-2022,2022
2022-12-04,784,129,12-2022,2022
2022-12-08,796,130,12-2022,2022
2022-12-12,818,133,12-2022,2022
2022-12-13,819,142,12-2022,2022
2022-12-20,835,269,12-2022,2022
2022-12-26,856,135,12-2022,2022
2022-12-28,866,273,12-2022,2022
2022-12-29,872,139,12-2022,2022
2022-12-30,879,344,12-2022,2022
2023-01-17,925,140,01-2023,2023
2023-01-19,935,141,01-2023,2023
2023-01-20,941,123,01-2023,2023
2023-01-22,958,279,01-2023,2023
2023-01-23,965,132,01-2023,2023
2023-01-27,1000,317,01-2023,2023
2023-01-28,1013,110,01-2023,2023
2023-02-09,1083,102,02-2023,2023
2023-02-12,1100,103,02-2023,2023
2023-02-16,1129,106,02-2023,2023
2023-02-26,1197,107,02-2023,2023
2023-02-28,1209,108,02-2023,2023
2023-03-03,1229,109,03-2023,2023
2023-03-11,1245,120,03-2023,2023
2023-03-13,1249,112,03-2023,2023
2023-03-14,1251,114,03-2023,2023
2023-03-15,1255,115,03-2023,2023
2023-03-19,1269,221,03-2023,2023
2023-03-27,1317,144,03-2023,2023
2023-03-28,1336,117,03-2023,2023
2023-03-30,1343,119,03-2023,2023
2023-03-31,1348,121,03-2023,2023
2023-04-02,1354,143,04-2023,2023
2023-04-04,1367,167,04-2023,2023
2023-04-06,1385,168,04-2023,2023
2023-04-13,1408,169,04-2023,2023
2023-04-15,1413,170,04-2023,2023
2023-04-17,1418,171,04-2023,2023
2023-04-26,1450,174,04-2023,2023
2023-04-28,1453,175,04-2023,2023
2023-05-08,1466,259,05-2023,2023
2023-05-17,1498,233,05-2023,2023
2023-05-22,1528,173,05-2023,2023
2023-05-25,1550,164,05-2023,2023
2023-05-29,1569,146,05-2023,2023
2023-05-31,1577,147,05-2023,2023
2023-06-05,1598,149,06-2023,2023
2023-06-09,1615,150,06-2023,2023
2023-06-10,1620,152,06-2023,2023
2023-06-16,1667,239,06-2023,2023
2023-06-19,1679,320,06-2023,2023
2023-06-20,1686,249,06-2023,2023
2023-06-23,1707,159,06-2023,2023
2023-06-26,1727,293,06-2023,2023
2023-06-27,1738,161,06-2023,2023
2023-06-28,1746,162,06-2023,2023
2023-06-29,1761,101,06-2023,2023
2023-07-01,1782,137,07-2023,2023
2023-07-06,1800,99,07-2023,2023
2023-07-09,1812,49,07-2023,2023
2023-07-10,1814,27,07-2023,2023
2023-07-11,1820,28,07-2023,2023
2023-07-13,1828,29,07-2023,2023
2023-07-15,1844,296,07-2023,2023
2023-07-16,1851,30,07-2023,2023
2023-07-17,1856,253,07-2023,2023
2023-07-22,1882,251,07-2023,2023
2023-07-24,1896,31,07-2023,2023
2023-07-28,1910,247,07-2023,2023
2023-07-29,1914,245,07-2023,2023
2023-07-31,1922,243,07-2023,2023
2023-08-02,1937,32,08-2023,2023
2023-08-03,1947,241,08-2023,2023
2023-08-10,1979,323,08-2023,2023
2023-08-14,1991,33,08-2023,2023
2023-08-15,2001,34,08-2023,2023
2023-08-17,2017,237,08-2023,2023
2023-08-18,2026,35,08-2023,2023
2023-08-20,2033,36,08-2023,2023
2023-08-25,2049,353,08-2023,2023
2023-09-01,2084,335,09-2023,2023
2023-09-02,2087,37,09-2023,2023
2023-09-05,2098,38,09-2023,2023
2023-09-07,2109,235,09-2023,2023
2023-09-08,2117,39,09-2023,2023
2023-09-12,2139,40,09-2023,2023
2023-09-13,2149,341,09-2023,2023
2023-09-17,2155,41,09-2023,2023
2023-09-18,2167,100,09-2023,2023
2023-09-24,2184,229,09-2023,2023
2023-09-25,2193,227,09-2023,2023
2023-09-27,2205,42,09-2023,2023
2023-10-04,2234,43,10-2023,2023
2023-10-05,2239,44,10-2023,2023
2023-10-10,2269,347,10-2023,2023
2023-10-12,2281,45,10-2023,2023
2023-10-17,2298,46,10-2023,2023
2023-10-19,2312,47,10-2023,2023
2023-10-20,2315,26,10-2023,2023
2023-10-21,2317,48,10-2023,2023
2023-10-23,2334,357,10-2023,2023
2023-10-29,2372,332,10-2023,2023
2023-10-30,2383,25,10-2023,2023
2023-11-03,2409,23,11-2023,2023
2023-11-07,2428,2,11-2023,2023
2023-11-10,2443,329,11-2023,2023
2023-11-12,2468,3,11-2023,2023
2023-11-13,2486,4,11-2023,2023
2023-11-14,2497,223,11-2023,2023
2023-11-17,2518,5,11-2023,2023
2023-11-19,2539,255,11-2023,2023
2023-11-20,2559,6,11-2023,2023
2023-11-21,2585,7,11-2023,2023
2023-11-22,2594,257,11-2023,2023
2023-11-24,2603,8,11-2023,2023
2023-11-26,2616,9,11-2023,2023
2023-11-29,2653,275,11-2023,2023
2023-12-01,2669,10,12-2023,2023
2023-12-02,2678,261,12-2023,2023
2023-12-04,2687,11,12-2023,2023
2023-12-05,2699,12,12-2023,2023
2023-12-07,2715,285,12-2023,2023
2023-12-10,2740,13,12-2023,2023
2023-12-11,2750,287,12-2023,2023
2023-12-13,2768,283,12-2023,2023
2023-12-15,2795,14,12-2023,2023
2023-12-18,2827,15,12-2023,2023
2023-12-19,2840,16,12-2023,2023
2023-12-20,2844,17,12-2023,2023
2023-12-25,2859,18,12-2023,2023
2023-12-26,2864,19,12-2023,2023
2024-01-02,2880,20,01-2024,2024
2024-01-03,2887,21,01-2024,2024
2024-01-06,2911,277,01-2024,2024
2024-01-07,2915,22,01-2024,2024
2024-01-08,2920,24,01-2024,2024
2024-01-11,2936,50,01-2024,2024
2024-01-12,2941,74,01-2024,2024
2024-01-15,2962,217,01-2024,2024
2024-01-17,2980,271,01-2024,2024
2024-01-18,2992,350,01-2024,2024
2024-01-21,3022,51,01-2024,2024
2024-01-23,3046,77,01-2024,2024
2024-01-24,3052,78,01-2024,2024
2024-01-26,3076,79,01-2024,2024
2024-01-27,3086,267,01-2024,2024
2024-01-28,3093,80,01-2024,2024
2024-01-30,3126,265,01-2024,2024
2024-02-01,3144,81,02-2024,2024
2024-02-04,3156,82,02-2024,2024
2024-02-06,3179,83,02-2024,2024
2024-02-08,3197,263,02-2024,2024
2024-02-11,3217,84,02-2024,2024
2024-02-12,3225,85,02-2024,2024
2024-02-14,3265,219,02-2024,2024
2024-02-18,3288,86,02-2024,2024
2024-02-21,3342,87,02-2024,2024
2024-02-22,3354,189,02-2024,2024
2024-02-23,3361,299,02-2024,2024
2024-02-24,3370,302,02-2024,2024
2024-02-28,3422,88,02-2024,2024
2024-03-02,3447,193,03-2024,2024
2024-03-04,3461,89,03-2024,2024
2024-03-05,3485,90,03-2024,2024
2024-03-08,3528,91,03-2024,2024
2024-03-11,3560,215,03-2024,2024
2024-03-12,3594,92,03-2024,2024
2024-03-13,3605,338,03-2024,2024
2024-03-14,3625,181,03-2024,2024
2024-03-15,3643,211,03-2024,2024
2024-03-17,3651,207,03-2024,2024
2024-03-21,3725,93,03-2024,2024
2024-03-22,3736,94,03-2024,2024
2024-03-23,3743,95,03-2024,2024
2024-03-25,3758,183,03-2024,2024
2024-03-31,3794,205,03-2024,2024
2024-04-01,3798,96,04-2024,2024
2024-04-02,3819,97,04-2024,2024
2024-04-04,3825,76,04-2024,2024
2024-04-05,3833,98,04-2024,2024
2024-04-06,3841,308,04-2024,2024
2024-04-08,3871,368,04-2024,2024
2024-04-10,3886,191,04-2024,2024
2024-04-11,3898,75,04-2024,2024
2024-04-12,3904,73,04-2024,2024
2024-04-13,3906,52,04-2024,2024
2024-04-15,3921,53,04-2024,2024
2024-04-16,3939,213,04-2024,2024
2024-04-17,3949,54,04-2024,2024
2024-04-20,3978,290,04-2024,2024
2024-04-21,3986,55,04-2024,2024
2024-04-22,3991,56,04-2024,2024
2024-04-23,4000,57,04-2024,2024
2024-04-24,4008,374,04-2024,2024
2024-04-25,4019,58,04-2024,2024
2024-04-26,4029,59,04-2024,2024
2024-04-27,4045,197,04-2024,2024
2024-04-28,4050,60,04-2024,2024
2024-04-29,4065,61,04-2024,2024
2024-05-01,4084,62,05-2024,2024
2024-05-02,4096,326,05-2024,2024
2024-05-03,4099,63,05-2024,2024
2024-05-04,4102,64,05-2024,2024
2024-05-06,4109,65,05-2024,2024
2024-05-07,4120,66,05-2024,2024
2024-05-08,4137,314,05-2024,2024
2024-05-13,4176,311,05-2024,2024
2024-05-14,4214,362,05-2024,2024
2024-05-17,4236,67,05-2024,2024
2024-05-20,4248,68,05-2024,2024
2024-05-22,4281,69,05-2024,2024
2024-05-24,4303,305,05-2024,2024
2024-05-26,4315,70,05-2024,2024
2024-05-30,4360,71,05-2024,2024
2024-06-02,4371,187,06-2024,2024
2024-06-04,4383,72,06-2024,2024
2024-06-06,4403,231,06-2024,2024
2024-06-08,4425,281,06-2024,2024
